{
  "title": "ComposeWatermelon",
  "packageName": "org.cocos2d.demo",
  "startScene": "59bb716c-381c-4c13-829d-507e409e17ac",
  "excludeScenes": [],
  "orientation": {
    "landscapeLeft": true,
    "landscapeRight": true,
    "portrait": false,
    "upsideDown": false
  },
  "webOrientation": "landscape",
  "inlineSpriteFrames": true,
  "inlineSpriteFrames_native": true,
  "mainCompressionType": "default",
  "mainIsRemote": false,
  "optimizeHotUpdate": false,
  "md5Cache": true,
  "nativeMd5Cache": true,
  "encryptJs": true,
  "xxteaKey": "886689b2-a3df-44",
  "zipCompressJs": true,
  "fb-instant-games": {},
  "android": {
    "REMOTE_SERVER_ROOT": "",
    "packageName": "org.cocos2d.demo"
  },
  "ios": {
    "REMOTE_SERVER_ROOT": "",
    "packageName": "org.cocos2d.demo"
  },
  "mac": {
    "REMOTE_SERVER_ROOT": "",
    "height": 720,
    "packageName": "org.cocos2d.demo",
    "width": 1280
  },
  "win32": {
    "REMOTE_SERVER_ROOT": "",
    "height": 720,
    "width": 1280
  },
  "android-instant": {
    "REMOTE_SERVER_ROOT": "",
    "host": "",
    "packageName": "org.cocos2d.demo",
    "pathPattern": "",
    "recordPath": "",
    "scheme": "https",
    "skipRecord": false
  },
  "appBundle": false
}
